01B73833-BFD9-4263-BE57-A7AEE1F2B3F1#appfire#CurrencyService#appfire#salesforce.app.server.service.CurrencyService#appfire#{"resourceMapping":"/Currency","defaultMethodType":"","defaultContentType":""}#appfire#{"repository":{"filePath":"salesforce/src/main/java/salesforce/app/server/service/CurrencyService.java","fileName":"CurrencyService.java"},"implementInterface":[],"extendsClass":[],"repositories":[{"repository":{"filePath":"salesforce/src/main/java/salesforce/app/server/repository/CurrencyRepositoryImpl.java","fileName":"CurrencyRepositoryImpl.java"},"implementInterface":[{"filePath":"salesforce/src/main/java/salesforce/app/server/repository/CurrencyRepository.java","fileName":"CurrencyRepository.java"}],"extendsClass":[{"fileName":"SearchInterfaceImpl.java","filePath":"salesforce/src/main/java/salesforce/app/server/repository/SearchInterfaceImpl.java","isDisplay":false}],"entities":{"filePath":"salesforce/src/main/java/salesforce/app/shared/location/Currency.java","fileName":"Currency.java"}}]}#appfire#I#appfire#YT4U4ZCSDCBW1FGABRGA#appfire#ba9dced8-453e-49a3-b627-d497a1f91b17#appfire#1#appfire#\N#appfire#2015-10-21 15:25:58#appfire#\N#appfire#2015-10-21 15:25:58#appfire#1#appfire#1#appfire#B8E318F1-E27A-4D80-9E08-8C115A1A22BF
01D32678-D346-4E98-B541-EAF091A16B3A#appfire#PasswordAlgoService#appfire#salesforce.app.server.service.PasswordAlgoService#appfire#{"resourceMapping":"/PasswordAlgo","defaultMethodType":"","defaultContentType":""}#appfire#{"repository":{"filePath":"salesforce/src/main/java/salesforce/app/server/service/PasswordAlgoService.java","fileName":"PasswordAlgoService.java"},"implementInterface":[],"extendsClass":[],"repositories":[{"repository":{"filePath":"salesforce/src/main/java/salesforce/app/server/repository/PasswordAlgoRepositoryImpl.java","fileName":"PasswordAlgoRepositoryImpl.java"},"implementInterface":[{"filePath":"salesforce/src/main/java/salesforce/app/server/repository/PasswordAlgoRepository.java","fileName":"PasswordAlgoRepository.java"}],"extendsClass":[{"fileName":"SearchInterfaceImpl.java","filePath":"salesforce/src/main/java/salesforce/app/server/repository/SearchInterfaceImpl.java","isDisplay":false}],"entities":{"filePath":"salesforce/src/main/java/salesforce/app/shared/authentication/PasswordAlgo.java","fileName":"PasswordAlgo.java"}}]}#appfire#I#appfire#YT4U4ZCSDCBW1FGABRGA#appfire#ba9dced8-453e-49a3-b627-d497a1f91b17#appfire#1#appfire#\N#appfire#2015-10-21 15:26:10#appfire#\N#appfire#2015-10-21 15:26:10#appfire#1#appfire#1#appfire#22BBB5B5-8C26-4BF6-A6F2-1D9355384B93
0784858B-C4CA-4376-83B1-0E8F224A1DA3#appfire#QuestionService#appfire#salesforce.app.server.service.QuestionService#appfire#{"resourceMapping":"/Question","defaultMethodType":"","defaultContentType":""}#appfire#{"repository":{"filePath":"salesforce/src/main/java/salesforce/app/server/service/QuestionService.java","fileName":"QuestionService.java"},"implementInterface":[],"extendsClass":[],"repositories":[{"repository":{"filePath":"salesforce/src/main/java/salesforce/app/server/repository/QuestionRepositoryImpl.java","fileName":"QuestionRepositoryImpl.java"},"implementInterface":[{"filePath":"salesforce/src/main/java/salesforce/app/server/repository/QuestionRepository.java","fileName":"QuestionRepository.java"}],"extendsClass":[{"fileName":"SearchInterfaceImpl.java","filePath":"salesforce/src/main/java/salesforce/app/server/repository/SearchInterfaceImpl.java","isDisplay":false}],"entities":{"filePath":"salesforce/src/main/java/salesforce/app/shared/authentication/Question.java","fileName":"Question.java"}}]}#appfire#I#appfire#YT4U4ZCSDCBW1FGABRGA#appfire#ba9dced8-453e-49a3-b627-d497a1f91b17#appfire#1#appfire#\N#appfire#2015-10-21 15:26:11#appfire#\N#appfire#2015-10-21 15:26:11#appfire#1#appfire#1#appfire#1501DC80-FED1-41FA-B87D-764FE4468EF6
095B8966-3883-47BA-8FCB-2A7E5472B3CB#appfire#GenderService#appfire#salesforce.app.server.service.GenderService#appfire#{"resourceMapping":"/Gender","defaultMethodType":"","defaultContentType":""}#appfire#{"repository":{"filePath":"salesforce/src/main/java/salesforce/app/server/service/GenderService.java","fileName":"GenderService.java"},"implementInterface":[],"extendsClass":[],"repositories":[{"repository":{"filePath":"salesforce/src/main/java/salesforce/app/server/repository/GenderRepositoryImpl.java","fileName":"GenderRepositoryImpl.java"},"implementInterface":[{"filePath":"salesforce/src/main/java/salesforce/app/server/repository/GenderRepository.java","fileName":"GenderRepository.java"}],"extendsClass":[{"fileName":"SearchInterfaceImpl.java","filePath":"salesforce/src/main/java/salesforce/app/server/repository/SearchInterfaceImpl.java","isDisplay":false}],"entities":{"filePath":"salesforce/src/main/java/salesforce/app/shared/contacts/Gender.java","fileName":"Gender.java"}}]}#appfire#I#appfire#YT4U4ZCSDCBW1FGABRGA#appfire#ba9dced8-453e-49a3-b627-d497a1f91b17#appfire#1#appfire#\N#appfire#2015-10-21 15:26:07#appfire#\N#appfire#2015-10-21 15:26:07#appfire#1#appfire#1#appfire#A7310647-201D-46D8-943A-96BE6EC3A954
0E96D243-40FD-47C1-A81A-510AA0ECD9A3#appfire#LoginService#appfire#salesforce.app.server.service.LoginService#appfire#{"resourceMapping":"/Login","defaultMethodType":"","defaultContentType":""}#appfire#{"repository":{"filePath":"salesforce/src/main/java/salesforce/app/server/service/LoginService.java","fileName":"LoginService.java"},"implementInterface":[],"extendsClass":[],"repositories":[{"repository":{"filePath":"salesforce/src/main/java/salesforce/app/server/repository/LoginRepositoryImpl.java","fileName":"LoginRepositoryImpl.java"},"implementInterface":[{"filePath":"salesforce/src/main/java/salesforce/app/server/repository/LoginRepository.java","fileName":"LoginRepository.java"}],"extendsClass":[{"fileName":"SearchInterfaceImpl.java","filePath":"salesforce/src/main/java/salesforce/app/server/repository/SearchInterfaceImpl.java","isDisplay":false}],"entities":{"filePath":"salesforce/src/main/java/salesforce/app/shared/authentication/Login.java","fileName":"Login.java"}}]}#appfire#I#appfire#YT4U4ZCSDCBW1FGABRGA#appfire#ba9dced8-453e-49a3-b627-d497a1f91b17#appfire#1#appfire#\N#appfire#2015-10-21 15:26:15#appfire#\N#appfire#2015-10-21 15:26:15#appfire#1#appfire#1#appfire#BA50A9EC-0D22-4C48-89FF-41D65D966255
1BD2F63A-1866-4230-BF95-469F11EEE79B#appfire#CommunicationGroupService#appfire#salesforce.app.server.service.CommunicationGroupService#appfire#{"resourceMapping":"/CommunicationGroup","defaultMethodType":"","defaultContentType":""}#appfire#{"repository":{"filePath":"salesforce/src/main/java/salesforce/app/server/service/CommunicationGroupService.java","fileName":"CommunicationGroupService.java"},"implementInterface":[],"extendsClass":[],"repositories":[{"repository":{"filePath":"salesforce/src/main/java/salesforce/app/server/repository/CommunicationGroupRepositoryImpl.java","fileName":"CommunicationGroupRepositoryImpl.java"},"implementInterface":[{"filePath":"salesforce/src/main/java/salesforce/app/server/repository/CommunicationGroupRepository.java","fileName":"CommunicationGroupRepository.java"}],"extendsClass":[{"fileName":"SearchInterfaceImpl.java","filePath":"salesforce/src/main/java/salesforce/app/server/repository/SearchInterfaceImpl.java","isDisplay":false}],"entities":{"filePath":"salesforce/src/main/java/salesforce/app/shared/contacts/CommunicationGroup.java","fileName":"CommunicationGroup.java"}}]}#appfire#I#appfire#YT4U4ZCSDCBW1FGABRGA#appfire#ba9dced8-453e-49a3-b627-d497a1f91b17#appfire#1#appfire#\N#appfire#2015-10-21 15:26:06#appfire#\N#appfire#2015-10-21 15:26:06#appfire#1#appfire#1#appfire#C6AFA10F-167D-428E-96F9-B9755D049F36
213B47E0-BD9F-4B25-893E-B0F6E5441E3E#appfire#TimezoneService#appfire#salesforce.app.server.service.TimezoneService#appfire#{"resourceMapping":"/Timezone","defaultMethodType":"","defaultContentType":""}#appfire#{"repository":{"filePath":"salesforce/src/main/java/salesforce/app/server/service/TimezoneService.java","fileName":"TimezoneService.java"},"implementInterface":[],"extendsClass":[],"repositories":[{"repository":{"filePath":"salesforce/src/main/java/salesforce/app/server/repository/TimezoneRepositoryImpl.java","fileName":"TimezoneRepositoryImpl.java"},"implementInterface":[{"filePath":"salesforce/src/main/java/salesforce/app/server/repository/TimezoneRepository.java","fileName":"TimezoneRepository.java"}],"extendsClass":[{"fileName":"SearchInterfaceImpl.java","filePath":"salesforce/src/main/java/salesforce/app/server/repository/SearchInterfaceImpl.java","isDisplay":false}],"entities":{"filePath":"salesforce/src/main/java/salesforce/app/shared/location/Timezone.java","fileName":"Timezone.java"}}]}#appfire#I#appfire#YT4U4ZCSDCBW1FGABRGA#appfire#ba9dced8-453e-49a3-b627-d497a1f91b17#appfire#1#appfire#\N#appfire#2015-10-21 15:25:57#appfire#\N#appfire#2015-10-21 15:25:57#appfire#1#appfire#1#appfire#DB406A28-B755-4962-AB44-43594EAFEA3B
328EFA67-B7CA-4A83-8929-86F70E2CB611#appfire#AppCustomerService#appfire#salesforce.app.server.service.AppCustomerService#appfire#{"resourceMapping":"/AppCustomer","defaultMethodType":"","defaultContentType":""}#appfire#{"repository":{"filePath":"salesforce/src/main/java/salesforce/app/server/service/AppCustomerService.java","fileName":"AppCustomerService.java"},"implementInterface":[],"extendsClass":[],"repositories":[{"repository":{"filePath":"salesforce/src/main/java/salesforce/app/server/repository/AppCustomerRepositoryImpl.java","fileName":"AppCustomerRepositoryImpl.java"},"implementInterface":[{"filePath":"salesforce/src/main/java/salesforce/app/server/repository/AppCustomerRepository.java","fileName":"AppCustomerRepository.java"}],"extendsClass":[{"fileName":"SearchInterfaceImpl.java","filePath":"salesforce/src/main/java/salesforce/app/server/repository/SearchInterfaceImpl.java","isDisplay":false}],"entities":{"filePath":"salesforce/src/main/java/salesforce/app/shared/customers/AppCustomer.java","fileName":"AppCustomer.java"}}]}#appfire#I#appfire#YT4U4ZCSDCBW1FGABRGA#appfire#ba9dced8-453e-49a3-b627-d497a1f91b17#appfire#1#appfire#\N#appfire#2015-10-21 15:26:22#appfire#\N#appfire#2015-10-21 15:26:22#appfire#1#appfire#1#appfire#1C623ADB-1CDA-408A-8429-BEDAFE09C869
3C5B885A-9827-4A6F-BB88-11668333FD2F#appfire#TitleService#appfire#salesforce.app.server.service.TitleService#appfire#{"resourceMapping":"/Title","defaultMethodType":"","defaultContentType":""}#appfire#{"repository":{"filePath":"salesforce/src/main/java/salesforce/app/server/service/TitleService.java","fileName":"TitleService.java"},"implementInterface":[],"extendsClass":[],"repositories":[{"repository":{"filePath":"salesforce/src/main/java/salesforce/app/server/repository/TitleRepositoryImpl.java","fileName":"TitleRepositoryImpl.java"},"implementInterface":[{"filePath":"salesforce/src/main/java/salesforce/app/server/repository/TitleRepository.java","fileName":"TitleRepository.java"}],"extendsClass":[{"fileName":"SearchInterfaceImpl.java","filePath":"salesforce/src/main/java/salesforce/app/server/repository/SearchInterfaceImpl.java","isDisplay":false}],"entities":{"filePath":"salesforce/src/main/java/salesforce/app/shared/contacts/Title.java","fileName":"Title.java"}}]}#appfire#I#appfire#YT4U4ZCSDCBW1FGABRGA#appfire#ba9dced8-453e-49a3-b627-d497a1f91b17#appfire#1#appfire#\N#appfire#2015-10-21 15:26:08#appfire#\N#appfire#2015-10-21 15:26:08#appfire#1#appfire#1#appfire#96819336-2D5C-4832-BAAC-CB85EF95E41F
40B4CA81-7F5B-4E37-A594-35AE17DCF1B9#appfire#AppCustomerCategoryService#appfire#salesforce.app.server.service.AppCustomerCategoryService#appfire#{"resourceMapping":"/AppCustomerCategory","defaultMethodType":"","defaultContentType":""}#appfire#{"repository":{"filePath":"salesforce/src/main/java/salesforce/app/server/service/AppCustomerCategoryService.java","fileName":"AppCustomerCategoryService.java"},"implementInterface":[],"extendsClass":[],"repositories":[{"repository":{"filePath":"salesforce/src/main/java/salesforce/app/server/repository/AppCustomerCategoryRepositoryImpl.java","fileName":"AppCustomerCategoryRepositoryImpl.java"},"implementInterface":[{"filePath":"salesforce/src/main/java/salesforce/app/server/repository/AppCustomerCategoryRepository.java","fileName":"AppCustomerCategoryRepository.java"}],"extendsClass":[{"fileName":"SearchInterfaceImpl.java","filePath":"salesforce/src/main/java/salesforce/app/server/repository/SearchInterfaceImpl.java","isDisplay":false}],"entities":{"filePath":"salesforce/src/main/java/salesforce/app/shared/customers/AppCustomerCategory.java","fileName":"AppCustomerCategory.java"}}]}#appfire#I#appfire#YT4U4ZCSDCBW1FGABRGA#appfire#ba9dced8-453e-49a3-b627-d497a1f91b17#appfire#1#appfire#\N#appfire#2015-10-21 15:26:21#appfire#\N#appfire#2015-10-21 15:26:21#appfire#1#appfire#1#appfire#52DC68D7-1A6F-4173-AF4E-ED71B88323FE
5E2719D4-C145-4605-9C0F-0A5DF62A072E#appfire#AddressTypeService#appfire#salesforce.app.server.service.AddressTypeService#appfire#{"resourceMapping":"/AddressType","defaultMethodType":"","defaultContentType":""}#appfire#{"repository":{"filePath":"salesforce/src/main/java/salesforce/app/server/service/AddressTypeService.java","fileName":"AddressTypeService.java"},"implementInterface":[],"extendsClass":[],"repositories":[{"repository":{"filePath":"salesforce/src/main/java/salesforce/app/server/repository/AddressTypeRepositoryImpl.java","fileName":"AddressTypeRepositoryImpl.java"},"implementInterface":[{"filePath":"salesforce/src/main/java/salesforce/app/server/repository/AddressTypeRepository.java","fileName":"AddressTypeRepository.java"}],"extendsClass":[{"fileName":"SearchInterfaceImpl.java","filePath":"salesforce/src/main/java/salesforce/app/server/repository/SearchInterfaceImpl.java","isDisplay":false}],"entities":{"filePath":"salesforce/src/main/java/salesforce/app/shared/location/AddressType.java","fileName":"AddressType.java"}}]}#appfire#I#appfire#YT4U4ZCSDCBW1FGABRGA#appfire#ba9dced8-453e-49a3-b627-d497a1f91b17#appfire#1#appfire#\N#appfire#2015-10-21 15:26:04#appfire#\N#appfire#2015-10-21 15:26:04#appfire#1#appfire#1#appfire#5DBCAF36-3BBF-4653-8886-7FA537A2D3B7
5F2A7DD5-7647-47A4-AFB8-470A16656E12#appfire#RegionService#appfire#salesforce.app.server.service.RegionService#appfire#{"resourceMapping":"/Region","defaultMethodType":"","defaultContentType":""}#appfire#{"repository":{"filePath":"salesforce/src/main/java/salesforce/app/server/service/RegionService.java","fileName":"RegionService.java"},"implementInterface":[],"extendsClass":[],"repositories":[{"repository":{"filePath":"salesforce/src/main/java/salesforce/app/server/repository/RegionRepositoryImpl.java","fileName":"RegionRepositoryImpl.java"},"implementInterface":[{"filePath":"salesforce/src/main/java/salesforce/app/server/repository/RegionRepository.java","fileName":"RegionRepository.java"}],"extendsClass":[{"fileName":"SearchInterfaceImpl.java","filePath":"salesforce/src/main/java/salesforce/app/server/repository/SearchInterfaceImpl.java","isDisplay":false}],"entities":{"filePath":"salesforce/src/main/java/salesforce/app/shared/location/Region.java","fileName":"Region.java"}}]}#appfire#I#appfire#YT4U4ZCSDCBW1FGABRGA#appfire#ba9dced8-453e-49a3-b627-d497a1f91b17#appfire#1#appfire#\N#appfire#2015-10-21 15:26:00#appfire#\N#appfire#2015-10-21 15:26:00#appfire#1#appfire#1#appfire#5E538BC1-18FC-4112-A46E-AC75C1361008
7AF0CB5E-3F82-4828-9860-83FBBC2DC904#appfire#RolesService#appfire#salesforce.app.server.service.RolesService#appfire#{"resourceMapping":"/Roles","defaultMethodType":"","defaultContentType":""}#appfire#{"repository":{"filePath":"salesforce/src/main/java/salesforce/app/server/service/RolesService.java","fileName":"RolesService.java"},"implementInterface":[],"extendsClass":[],"repositories":[{"repository":{"filePath":"salesforce/src/main/java/salesforce/app/server/repository/RolesRepositoryImpl.java","fileName":"RolesRepositoryImpl.java"},"implementInterface":[{"filePath":"salesforce/src/main/java/salesforce/app/server/repository/RolesRepository.java","fileName":"RolesRepository.java"}],"extendsClass":[{"fileName":"SearchInterfaceImpl.java","filePath":"salesforce/src/main/java/salesforce/app/server/repository/SearchInterfaceImpl.java","isDisplay":false}],"entities":{"filePath":"salesforce/src/main/java/salesforce/app/shared/authorization/Roles.java","fileName":"Roles.java"}}]}#appfire#I#appfire#YT4U4ZCSDCBW1FGABRGA#appfire#ba9dced8-453e-49a3-b627-d497a1f91b17#appfire#1#appfire#\N#appfire#2015-10-21 15:26:18#appfire#\N#appfire#2015-10-21 15:26:18#appfire#1#appfire#1#appfire#663AE465-0463-4582-B321-8081BBA18371
7EDB3321-9D73-466D-8945-889324B8AC42#appfire#ContactTypeService#appfire#salesforce.app.server.service.ContactTypeService#appfire#{"resourceMapping":"/ContactType","defaultMethodType":"","defaultContentType":""}#appfire#{"repository":{"filePath":"salesforce/src/main/java/salesforce/app/server/service/ContactTypeService.java","fileName":"ContactTypeService.java"},"implementInterface":[],"extendsClass":[],"repositories":[{"repository":{"filePath":"salesforce/src/main/java/salesforce/app/server/repository/ContactTypeRepositoryImpl.java","fileName":"ContactTypeRepositoryImpl.java"},"implementInterface":[{"filePath":"salesforce/src/main/java/salesforce/app/server/repository/ContactTypeRepository.java","fileName":"ContactTypeRepository.java"}],"extendsClass":[{"fileName":"SearchInterfaceImpl.java","filePath":"salesforce/src/main/java/salesforce/app/server/repository/SearchInterfaceImpl.java","isDisplay":false}],"entities":{"filePath":"salesforce/src/main/java/salesforce/app/shared/contacts/ContactType.java","fileName":"ContactType.java"}}]}#appfire#I#appfire#YT4U4ZCSDCBW1FGABRGA#appfire#ba9dced8-453e-49a3-b627-d497a1f91b17#appfire#1#appfire#\N#appfire#2015-10-21 15:26:05#appfire#\N#appfire#2015-10-21 15:26:05#appfire#1#appfire#1#appfire#DAB44E6B-BC2B-4B18-8432-A067972AFAB8
801FD16F-E438-4796-8B78-589F7A4AB83E#appfire#CityService#appfire#salesforce.app.server.service.CityService#appfire#{"resourceMapping":"/City","defaultMethodType":"","defaultContentType":""}#appfire#{"repository":{"filePath":"salesforce/src/main/java/salesforce/app/server/service/CityService.java","fileName":"CityService.java"},"implementInterface":[],"extendsClass":[],"repositories":[{"repository":{"filePath":"salesforce/src/main/java/salesforce/app/server/repository/CityRepositoryImpl.java","fileName":"CityRepositoryImpl.java"},"implementInterface":[{"filePath":"salesforce/src/main/java/salesforce/app/server/repository/CityRepository.java","fileName":"CityRepository.java"}],"extendsClass":[{"fileName":"SearchInterfaceImpl.java","filePath":"salesforce/src/main/java/salesforce/app/server/repository/SearchInterfaceImpl.java","isDisplay":false}],"entities":{"filePath":"salesforce/src/main/java/salesforce/app/shared/location/City.java","fileName":"City.java"}}]}#appfire#I#appfire#YT4U4ZCSDCBW1FGABRGA#appfire#ba9dced8-453e-49a3-b627-d497a1f91b17#appfire#1#appfire#\N#appfire#2015-10-21 15:26:01#appfire#\N#appfire#2015-10-21 15:26:01#appfire#1#appfire#1#appfire#D18EB832-FA4A-4C31-B53E-CC80FC18040C
9C8AAA7A-B4B8-4A80-BF43-E9A3BB0F8371#appfire#DistrictService#appfire#salesforce.app.server.service.DistrictService#appfire#{"resourceMapping":"/District","defaultMethodType":"","defaultContentType":""}#appfire#{"repository":{"filePath":"salesforce/src/main/java/salesforce/app/server/service/DistrictService.java","fileName":"DistrictService.java"},"implementInterface":[],"extendsClass":[],"repositories":[{"repository":{"filePath":"salesforce/src/main/java/salesforce/app/server/repository/DistrictRepositoryImpl.java","fileName":"DistrictRepositoryImpl.java"},"implementInterface":[{"filePath":"salesforce/src/main/java/salesforce/app/server/repository/DistrictRepository.java","fileName":"DistrictRepository.java"}],"extendsClass":[{"fileName":"SearchInterfaceImpl.java","filePath":"salesforce/src/main/java/salesforce/app/server/repository/SearchInterfaceImpl.java","isDisplay":false}],"entities":{"filePath":"salesforce/src/main/java/salesforce/app/shared/location/District.java","fileName":"District.java"}}]}#appfire#I#appfire#YT4U4ZCSDCBW1FGABRGA#appfire#ba9dced8-453e-49a3-b627-d497a1f91b17#appfire#1#appfire#\N#appfire#2015-10-21 15:26:01#appfire#\N#appfire#2015-10-21 15:26:01#appfire#1#appfire#1#appfire#D8311B79-541F-4C0B-B2FF-5414743B6A92
9E55435F-48ED-4403-9ECD-64D21FB67F01#appfire#VillageService#appfire#salesforce.app.server.service.VillageService#appfire#{"resourceMapping":"/Village","defaultMethodType":"","defaultContentType":""}#appfire#{"repository":{"filePath":"salesforce/src/main/java/salesforce/app/server/service/VillageService.java","fileName":"VillageService.java"},"implementInterface":[],"extendsClass":[],"repositories":[{"repository":{"filePath":"salesforce/src/main/java/salesforce/app/server/repository/VillageRepositoryImpl.java","fileName":"VillageRepositoryImpl.java"},"implementInterface":[{"filePath":"salesforce/src/main/java/salesforce/app/server/repository/VillageRepository.java","fileName":"VillageRepository.java"}],"extendsClass":[{"fileName":"SearchInterfaceImpl.java","filePath":"salesforce/src/main/java/salesforce/app/server/repository/SearchInterfaceImpl.java","isDisplay":false}],"entities":{"filePath":"salesforce/src/main/java/salesforce/app/shared/location/Village.java","fileName":"Village.java"}}]}#appfire#I#appfire#YT4U4ZCSDCBW1FGABRGA#appfire#ba9dced8-453e-49a3-b627-d497a1f91b17#appfire#1#appfire#\N#appfire#2015-10-21 15:26:03#appfire#\N#appfire#2015-10-21 15:26:03#appfire#1#appfire#1#appfire#7BA20B32-4FBD-4327-90B7-5FCDC4973EF1
A0807A6C-9533-4C7A-8785-5242E157A056#appfire#TalukaService#appfire#salesforce.app.server.service.TalukaService#appfire#{"resourceMapping":"/Taluka","defaultMethodType":"","defaultContentType":""}#appfire#{"repository":{"filePath":"salesforce/src/main/java/salesforce/app/server/service/TalukaService.java","fileName":"TalukaService.java"},"implementInterface":[],"extendsClass":[],"repositories":[{"repository":{"filePath":"salesforce/src/main/java/salesforce/app/server/repository/TalukaRepositoryImpl.java","fileName":"TalukaRepositoryImpl.java"},"implementInterface":[{"filePath":"salesforce/src/main/java/salesforce/app/server/repository/TalukaRepository.java","fileName":"TalukaRepository.java"}],"extendsClass":[{"fileName":"SearchInterfaceImpl.java","filePath":"salesforce/src/main/java/salesforce/app/server/repository/SearchInterfaceImpl.java","isDisplay":false}],"entities":{"filePath":"salesforce/src/main/java/salesforce/app/shared/location/Taluka.java","fileName":"Taluka.java"}}]}#appfire#I#appfire#YT4U4ZCSDCBW1FGABRGA#appfire#ba9dced8-453e-49a3-b627-d497a1f91b17#appfire#1#appfire#\N#appfire#2015-10-21 15:26:02#appfire#\N#appfire#2015-10-21 15:26:02#appfire#1#appfire#1#appfire#B0B87860-61C0-4833-8EF0-6E17D3F19A77
A200C721-F62E-4CA3-B958-013203EB05DA#appfire#StateService#appfire#salesforce.app.server.service.StateService#appfire#{"resourceMapping":"/State","defaultMethodType":"","defaultContentType":""}#appfire#{"repository":{"filePath":"salesforce/src/main/java/salesforce/app/server/service/StateService.java","fileName":"StateService.java"},"implementInterface":[],"extendsClass":[],"repositories":[{"repository":{"filePath":"salesforce/src/main/java/salesforce/app/server/repository/StateRepositoryImpl.java","fileName":"StateRepositoryImpl.java"},"implementInterface":[{"filePath":"salesforce/src/main/java/salesforce/app/server/repository/StateRepository.java","fileName":"StateRepository.java"}],"extendsClass":[{"fileName":"SearchInterfaceImpl.java","filePath":"salesforce/src/main/java/salesforce/app/server/repository/SearchInterfaceImpl.java","isDisplay":false}],"entities":{"filePath":"salesforce/src/main/java/salesforce/app/shared/location/State.java","fileName":"State.java"}}]}#appfire#I#appfire#YT4U4ZCSDCBW1FGABRGA#appfire#ba9dced8-453e-49a3-b627-d497a1f91b17#appfire#1#appfire#\N#appfire#2015-10-21 15:25:59#appfire#\N#appfire#2015-10-21 15:25:59#appfire#1#appfire#1#appfire#35847EC3-B0F4-416C-BE7D-72F8391E31EA
A3BA9FD2-CAC6-4697-86DB-A787B68ACCB4#appfire#UserRoleBridgeService#appfire#salesforce.app.server.service.UserRoleBridgeService#appfire#{"resourceMapping":"/UserRoleBridge","defaultMethodType":"","defaultContentType":""}#appfire#{"repository":{"filePath":"salesforce/src/main/java/salesforce/app/server/service/UserRoleBridgeService.java","fileName":"UserRoleBridgeService.java"},"implementInterface":[],"extendsClass":[],"repositories":[{"repository":{"filePath":"salesforce/src/main/java/salesforce/app/server/repository/UserRoleBridgeRepositoryImpl.java","fileName":"UserRoleBridgeRepositoryImpl.java"},"implementInterface":[{"filePath":"salesforce/src/main/java/salesforce/app/server/repository/UserRoleBridgeRepository.java","fileName":"UserRoleBridgeRepository.java"}],"extendsClass":[{"fileName":"SearchInterfaceImpl.java","filePath":"salesforce/src/main/java/salesforce/app/server/repository/SearchInterfaceImpl.java","isDisplay":false}],"entities":{"filePath":"salesforce/src/main/java/salesforce/app/shared/authorization/UserRoleBridge.java","fileName":"UserRoleBridge.java"}}]}#appfire#I#appfire#YT4U4ZCSDCBW1FGABRGA#appfire#ba9dced8-453e-49a3-b627-d497a1f91b17#appfire#1#appfire#\N#appfire#2015-10-21 15:26:19#appfire#\N#appfire#2015-10-21 15:26:19#appfire#1#appfire#1#appfire#8C52FDA6-2EE8-4C17-A5B6-9541CB37171F
B8D64E30-E7FC-4415-9282-DC66DC124813#appfire#UserAccessLevelService#appfire#salesforce.app.server.service.UserAccessLevelService#appfire#{"resourceMapping":"/UserAccessLevel","defaultMethodType":"","defaultContentType":""}#appfire#{"repository":{"filePath":"salesforce/src/main/java/salesforce/app/server/service/UserAccessLevelService.java","fileName":"UserAccessLevelService.java"},"implementInterface":[],"extendsClass":[],"repositories":[{"repository":{"filePath":"salesforce/src/main/java/salesforce/app/server/repository/UserAccessLevelRepositoryImpl.java","fileName":"UserAccessLevelRepositoryImpl.java"},"implementInterface":[{"filePath":"salesforce/src/main/java/salesforce/app/server/repository/UserAccessLevelRepository.java","fileName":"UserAccessLevelRepository.java"}],"extendsClass":[{"fileName":"SearchInterfaceImpl.java","filePath":"salesforce/src/main/java/salesforce/app/server/repository/SearchInterfaceImpl.java","isDisplay":false}],"entities":{"filePath":"salesforce/src/main/java/salesforce/app/shared/authentication/UserAccessLevel.java","fileName":"UserAccessLevel.java"}}]}#appfire#I#appfire#YT4U4ZCSDCBW1FGABRGA#appfire#ba9dced8-453e-49a3-b627-d497a1f91b17#appfire#1#appfire#\N#appfire#2015-10-21 15:26:11#appfire#\N#appfire#2015-10-21 15:26:11#appfire#1#appfire#1#appfire#48C3140C-AD21-4221-907C-1DD2545956C4
C4C06124-E242-46B8-9BFC-02051149580F#appfire#CoreContactsService#appfire#salesforce.app.server.service.CoreContactsService#appfire#{"resourceMapping":"/CoreContacts","defaultMethodType":"","defaultContentType":""}#appfire#{"repository":{"filePath":"salesforce/src/main/java/salesforce/app/server/service/CoreContactsService.java","fileName":"CoreContactsService.java"},"implementInterface":[],"extendsClass":[],"repositories":[{"repository":{"filePath":"salesforce/src/main/java/salesforce/app/server/repository/CoreContactsRepositoryImpl.java","fileName":"CoreContactsRepositoryImpl.java"},"implementInterface":[{"filePath":"salesforce/src/main/java/salesforce/app/server/repository/CoreContactsRepository.java","fileName":"CoreContactsRepository.java"}],"extendsClass":[{"fileName":"SearchInterfaceImpl.java","filePath":"salesforce/src/main/java/salesforce/app/server/repository/SearchInterfaceImpl.java","isDisplay":false}],"entities":{"filePath":"salesforce/src/main/java/salesforce/app/shared/contacts/CoreContacts.java","fileName":"CoreContacts.java"}}]}#appfire#I#appfire#YT4U4ZCSDCBW1FGABRGA#appfire#ba9dced8-453e-49a3-b627-d497a1f91b17#appfire#1#appfire#\N#appfire#2015-10-21 15:26:09#appfire#\N#appfire#2015-10-21 15:26:09#appfire#1#appfire#1#appfire#5C35534B-5487-4FB2-9E4F-A974B3439E0E
C785B37F-03B5-456F-9C8D-6AB2BDAD434A#appfire#LanguageService#appfire#salesforce.app.server.service.LanguageService#appfire#{"resourceMapping":"/Language","defaultMethodType":"","defaultContentType":""}#appfire#{"repository":{"filePath":"salesforce/src/main/java/salesforce/app/server/service/LanguageService.java","fileName":"LanguageService.java"},"implementInterface":[],"extendsClass":[],"repositories":[{"repository":{"filePath":"salesforce/src/main/java/salesforce/app/server/repository/LanguageRepositoryImpl.java","fileName":"LanguageRepositoryImpl.java"},"implementInterface":[{"filePath":"salesforce/src/main/java/salesforce/app/server/repository/LanguageRepository.java","fileName":"LanguageRepository.java"}],"extendsClass":[{"fileName":"SearchInterfaceImpl.java","filePath":"salesforce/src/main/java/salesforce/app/server/repository/SearchInterfaceImpl.java","isDisplay":false}],"entities":{"filePath":"salesforce/src/main/java/salesforce/app/shared/location/Language.java","fileName":"Language.java"}}]}#appfire#I#appfire#YT4U4ZCSDCBW1FGABRGA#appfire#ba9dced8-453e-49a3-b627-d497a1f91b17#appfire#1#appfire#\N#appfire#2015-10-21 15:25:57#appfire#\N#appfire#2015-10-21 15:25:57#appfire#1#appfire#1#appfire#677F016D-07EC-444F-B376-1F998E4446C9
D9A99E85-AC06-43DA-AC53-5CD5A16E237B#appfire#AppMenusService#appfire#salesforce.app.server.service.AppMenusService#appfire#{"resourceMapping":"/AppMenus","defaultMethodType":"","defaultContentType":""}#appfire#{"repository":{"filePath":"salesforce/src/main/java/salesforce/app/server/service/AppMenusService.java","fileName":"AppMenusService.java"},"implementInterface":[],"extendsClass":[],"repositories":[{"repository":{"filePath":"salesforce/src/main/java/salesforce/app/server/repository/AppMenusRepositoryImpl.java","fileName":"AppMenusRepositoryImpl.java"},"implementInterface":[{"filePath":"salesforce/src/main/java/salesforce/app/server/repository/AppMenusRepository.java","fileName":"AppMenusRepository.java"}],"extendsClass":[{"fileName":"SearchInterfaceImpl.java","filePath":"salesforce/src/main/java/salesforce/app/server/repository/SearchInterfaceImpl.java","isDisplay":false}],"entities":{"filePath":"salesforce/src/main/java/salesforce/app/shared/authorization/AppMenus.java","fileName":"AppMenus.java"}}]}#appfire#I#appfire#YT4U4ZCSDCBW1FGABRGA#appfire#ba9dced8-453e-49a3-b627-d497a1f91b17#appfire#1#appfire#\N#appfire#2015-10-21 15:26:19#appfire#\N#appfire#2015-10-21 15:26:19#appfire#1#appfire#1#appfire#DEBF0098-FA05-4694-BDE3-5FD11181CB40
E79D4988-AE80-4627-B720-D3FA11B14E2E#appfire#PasswordPolicyService#appfire#salesforce.app.server.service.PasswordPolicyService#appfire#{"resourceMapping":"/PasswordPolicy","defaultMethodType":"","defaultContentType":""}#appfire#{"repository":{"filePath":"salesforce/src/main/java/salesforce/app/server/service/PasswordPolicyService.java","fileName":"PasswordPolicyService.java"},"implementInterface":[],"extendsClass":[],"repositories":[{"repository":{"filePath":"salesforce/src/main/java/salesforce/app/server/repository/PasswordPolicyRepositoryImpl.java","fileName":"PasswordPolicyRepositoryImpl.java"},"implementInterface":[{"filePath":"salesforce/src/main/java/salesforce/app/server/repository/PasswordPolicyRepository.java","fileName":"PasswordPolicyRepository.java"}],"extendsClass":[{"fileName":"SearchInterfaceImpl.java","filePath":"salesforce/src/main/java/salesforce/app/server/repository/SearchInterfaceImpl.java","isDisplay":false}],"entities":{"filePath":"salesforce/src/main/java/salesforce/app/shared/authentication/PasswordPolicy.java","fileName":"PasswordPolicy.java"}}]}#appfire#I#appfire#YT4U4ZCSDCBW1FGABRGA#appfire#ba9dced8-453e-49a3-b627-d497a1f91b17#appfire#1#appfire#\N#appfire#2015-10-21 15:26:10#appfire#\N#appfire#2015-10-21 15:26:10#appfire#1#appfire#1#appfire#4AABC3A3-FFE3-462A-911E-3A4F8A92774F
ECB608BF-6120-4FBC-9411-C6AC0E9B056D#appfire#CountryService#appfire#salesforce.app.server.service.CountryService#appfire#{"resourceMapping":"/Country","defaultMethodType":"","defaultContentType":""}#appfire#{"repository":{"filePath":"salesforce/src/main/java/salesforce/app/server/service/CountryService.java","fileName":"CountryService.java"},"implementInterface":[],"extendsClass":[],"repositories":[{"repository":{"filePath":"salesforce/src/main/java/salesforce/app/server/repository/CountryRepositoryImpl.java","fileName":"CountryRepositoryImpl.java"},"implementInterface":[{"filePath":"salesforce/src/main/java/salesforce/app/server/repository/CountryRepository.java","fileName":"CountryRepository.java"}],"extendsClass":[{"fileName":"SearchInterfaceImpl.java","filePath":"salesforce/src/main/java/salesforce/app/server/repository/SearchInterfaceImpl.java","isDisplay":false}],"entities":{"filePath":"salesforce/src/main/java/salesforce/app/shared/location/Country.java","fileName":"Country.java"}}]}#appfire#I#appfire#YT4U4ZCSDCBW1FGABRGA#appfire#ba9dced8-453e-49a3-b627-d497a1f91b17#appfire#1#appfire#\N#appfire#2015-10-21 15:25:58#appfire#\N#appfire#2015-10-21 15:25:58#appfire#1#appfire#1#appfire#ADF953EC-9B3F-46B8-BA96-BC380738F4D3
ED095617-0202-4663-90DA-90EB9FA80CD4#appfire#UserAccessDomainService#appfire#salesforce.app.server.service.UserAccessDomainService#appfire#{"resourceMapping":"/UserAccessDomain","defaultMethodType":"","defaultContentType":""}#appfire#{"repository":{"filePath":"salesforce/src/main/java/salesforce/app/server/service/UserAccessDomainService.java","fileName":"UserAccessDomainService.java"},"implementInterface":[],"extendsClass":[],"repositories":[{"repository":{"filePath":"salesforce/src/main/java/salesforce/app/server/repository/UserAccessDomainRepositoryImpl.java","fileName":"UserAccessDomainRepositoryImpl.java"},"implementInterface":[{"filePath":"salesforce/src/main/java/salesforce/app/server/repository/UserAccessDomainRepository.java","fileName":"UserAccessDomainRepository.java"}],"extendsClass":[{"fileName":"SearchInterfaceImpl.java","filePath":"salesforce/src/main/java/salesforce/app/server/repository/SearchInterfaceImpl.java","isDisplay":false}],"entities":{"filePath":"salesforce/src/main/java/salesforce/app/shared/authentication/UserAccessDomain.java","fileName":"UserAccessDomain.java"}}]}#appfire#I#appfire#YT4U4ZCSDCBW1FGABRGA#appfire#ba9dced8-453e-49a3-b627-d497a1f91b17#appfire#1#appfire#\N#appfire#2015-10-21 15:26:12#appfire#\N#appfire#2015-10-21 15:26:12#appfire#1#appfire#1#appfire#BA8A2F68-B19C-46A6-9CF8-1494C2F78EF5
EF273C3D-4BC5-41F3-B30B-47FE67340AA7#appfire#AppCustomerTypeService#appfire#salesforce.app.server.service.AppCustomerTypeService#appfire#{"resourceMapping":"/AppCustomerType","defaultMethodType":"","defaultContentType":""}#appfire#{"repository":{"filePath":"salesforce/src/main/java/salesforce/app/server/service/AppCustomerTypeService.java","fileName":"AppCustomerTypeService.java"},"implementInterface":[],"extendsClass":[],"repositories":[{"repository":{"filePath":"salesforce/src/main/java/salesforce/app/server/repository/AppCustomerTypeRepositoryImpl.java","fileName":"AppCustomerTypeRepositoryImpl.java"},"implementInterface":[{"filePath":"salesforce/src/main/java/salesforce/app/server/repository/AppCustomerTypeRepository.java","fileName":"AppCustomerTypeRepository.java"}],"extendsClass":[{"fileName":"SearchInterfaceImpl.java","filePath":"salesforce/src/main/java/salesforce/app/server/repository/SearchInterfaceImpl.java","isDisplay":false}],"entities":{"filePath":"salesforce/src/main/java/salesforce/app/shared/customers/AppCustomerType.java","fileName":"AppCustomerType.java"}}]}#appfire#I#appfire#YT4U4ZCSDCBW1FGABRGA#appfire#ba9dced8-453e-49a3-b627-d497a1f91b17#appfire#1#appfire#\N#appfire#2015-10-21 15:26:21#appfire#\N#appfire#2015-10-21 15:26:21#appfire#1#appfire#1#appfire#094EE094-6899-4CC8-929F-394BB0274266
F783E0AD-77D7-493D-9564-A10D2A0D14D1#appfire#AddressService#appfire#salesforce.app.server.service.AddressService#appfire#{"resourceMapping":"/Address","defaultMethodType":"","defaultContentType":""}#appfire#{"repository":{"filePath":"salesforce/src/main/java/salesforce/app/server/service/AddressService.java","fileName":"AddressService.java"},"implementInterface":[],"extendsClass":[],"repositories":[{"repository":{"filePath":"salesforce/src/main/java/salesforce/app/server/repository/AddressRepositoryImpl.java","fileName":"AddressRepositoryImpl.java"},"implementInterface":[{"filePath":"salesforce/src/main/java/salesforce/app/server/repository/AddressRepository.java","fileName":"AddressRepository.java"}],"extendsClass":[{"fileName":"SearchInterfaceImpl.java","filePath":"salesforce/src/main/java/salesforce/app/server/repository/SearchInterfaceImpl.java","isDisplay":false}],"entities":{"filePath":"salesforce/src/main/java/salesforce/app/shared/location/Address.java","fileName":"Address.java"}}]}#appfire#I#appfire#YT4U4ZCSDCBW1FGABRGA#appfire#ba9dced8-453e-49a3-b627-d497a1f91b17#appfire#1#appfire#\N#appfire#2015-10-21 15:26:04#appfire#\N#appfire#2015-10-21 15:26:04#appfire#1#appfire#1#appfire#DD1FEE1B-664C-44A2-A4CE-FF6A4E414DFB
FD11CF49-D0D0-43C6-8B0E-99CA7B172775#appfire#CommunicationTypeService#appfire#salesforce.app.server.service.CommunicationTypeService#appfire#{"resourceMapping":"/CommunicationType","defaultMethodType":"","defaultContentType":""}#appfire#{"repository":{"filePath":"salesforce/src/main/java/salesforce/app/server/service/CommunicationTypeService.java","fileName":"CommunicationTypeService.java"},"implementInterface":[],"extendsClass":[],"repositories":[{"repository":{"filePath":"salesforce/src/main/java/salesforce/app/server/repository/CommunicationTypeRepositoryImpl.java","fileName":"CommunicationTypeRepositoryImpl.java"},"implementInterface":[{"filePath":"salesforce/src/main/java/salesforce/app/server/repository/CommunicationTypeRepository.java","fileName":"CommunicationTypeRepository.java"}],"extendsClass":[{"fileName":"SearchInterfaceImpl.java","filePath":"salesforce/src/main/java/salesforce/app/server/repository/SearchInterfaceImpl.java","isDisplay":false}],"entities":{"filePath":"salesforce/src/main/java/salesforce/app/shared/contacts/CommunicationType.java","fileName":"CommunicationType.java"}}]}#appfire#I#appfire#YT4U4ZCSDCBW1FGABRGA#appfire#ba9dced8-453e-49a3-b627-d497a1f91b17#appfire#1#appfire#\N#appfire#2015-10-21 15:26:06#appfire#\N#appfire#2015-10-21 15:26:06#appfire#1#appfire#1#appfire#BF4B2FDC-4589-4E5C-84E5-FB906FDA7077
